date,category,amount,payment_method,description
2024-11-03,Rent,544.5,Bank Transfer,Hundred might worry.
2024-11-03,Transport,30.22,Bank Transfer,Western school fast student.
2024-11-03,Shopping,181.91,Card,Society enjoy.
2024-11-03,Shopping,45.6,Mobile Payment,Difference include although detail.
2024-11-03,Utilities,158.83,Cash,Feel off recently.
2024-11-03,Shopping,111.14,Cash,Race note not realize.
2024-11-03,Shopping,102.63,Bank Transfer,Mrs season.
2024-11-04,Health,96.95,Mobile Payment,Central authority pull.
2024-11-04,Other,99.76,Mobile Payment,East begin.
2024-11-04,Shopping,150.89,Mobile Payment,Box such.
2024-11-05,Shopping,199.4,Mobile Payment,Together game be total.
2024-11-05,Food,12.78,Mobile Payment,Room data.
2024-11-05,Rent,509.48,Card,Citizen run research on.
2024-11-05,Entertainment,72.42,Cash,Six very only hand those.
2024-11-05,Rent,1104.5,Mobile Payment,Tend support appear.
2024-11-05,Rent,1160.65,Bank Transfer,Thank military beautiful television field.
2024-11-05,Utilities,56.84,Cash,Push color despite choice.
2024-11-05,Rent,990.52,Card,Best trip.
2024-11-06,Other,33.89,Bank Transfer,Exist finally.
2024-11-06,Other,19.85,Bank Transfer,His perhaps.
2024-11-06,Utilities,79.91,Bank Transfer,Stock term involve.
2024-11-06,Health,87.94,Card,After relate.
2024-11-06,Other,42.01,Cash,Subject growth attack.
2024-11-07,Rent,909.19,Bank Transfer,Anyone help.
2024-11-07,Transport,7.33,Cash,Plan service name attorney.
2024-11-07,Utilities,182.35,Cash,Interest thank.
2024-11-07,Shopping,187.35,Bank Transfer,Find left process through hot.
2024-11-08,Entertainment,27.12,Mobile Payment,Win cut significant.
2024-11-08,Transport,42.59,Cash,Fund nature.
2024-11-08,Transport,42.57,Bank Transfer,Leader loss.
2024-11-08,Other,81.13,Card,Try claim.
2024-11-08,Food,13.28,Bank Transfer,East design room.
2024-11-08,Rent,731.89,Bank Transfer,While concern evening gas.
2024-11-09,Food,12.23,Mobile Payment,Notice great citizen board.
2024-11-09,Shopping,182.41,Cash,Dinner agent.
2024-11-09,Utilities,96.19,Card,Couple prevent face.
2024-11-10,Other,17.69,Bank Transfer,In special test beyond.
2024-11-10,Shopping,148.16,Cash,Ever artist thus.
2024-11-10,Utilities,150.18,Card,Page seat.
2024-11-10,Rent,720.47,Card,Apply toward should our.
2024-11-11,Rent,951.83,Bank Transfer,Believe lose data sit.
2024-11-11,Rent,1138.08,Bank Transfer,Good military customer wide give.
2024-11-11,Rent,769.14,Mobile Payment,Hair marriage right out.
2024-11-11,Shopping,88.57,Bank Transfer,Heavy discuss end how.
2024-11-11,Rent,730.78,Card,Edge all modern message.
2024-11-11,Transport,30.19,Bank Transfer,Only stop.
2024-11-12,Utilities,169.47,Cash,Available challenge general indicate.
2024-11-12,Shopping,103.98,Bank Transfer,Window crime boy system.
2024-11-12,Food,12.34,Card,Official ahead deal look Mr.
2024-11-12,Health,24.53,Mobile Payment,Give brother important.
2024-11-12,Rent,613.34,Card,Mission window miss or administration.
2024-11-13,Shopping,166.29,Bank Transfer,Teach form yourself new.
2024-11-13,Food,18.19,Card,Book perform season learn myself.
2024-11-13,Utilities,197.06,Card,Claim single positive authority marriage.
2024-11-13,Rent,467.01,Cash,After show.
2024-11-14,Entertainment,44.37,Cash,Physical season decide career.
2024-11-14,Utilities,170.69,Card,Question cause man professor.
2024-11-15,Rent,458.16,Cash,Plant sound.
2024-11-15,Shopping,138.71,Cash,Learn discuss across course after.
2024-11-15,Transport,12.63,Card,War issue other light agent.
2024-11-15,Shopping,49.77,Cash,Doctor choice.
2024-11-15,Food,24.33,Cash,Production song.
2024-11-15,Shopping,153.16,Mobile Payment,Today statement theory.
2024-11-16,Health,74.56,Bank Transfer,Ok offer gas.
2024-11-16,Food,21.39,Bank Transfer,Camera north beautiful.
2024-11-16,Other,8.6,Cash,World few.
2024-11-16,Food,16.85,Card,Play three affect guy trial.
2024-11-16,Health,88.32,Bank Transfer,Wonder body bag.
2024-11-16,Entertainment,50.94,Card,Send toward.
2024-11-17,Shopping,145.47,Cash,Successful including throughout.
2024-11-17,Shopping,77.42,Bank Transfer,On social.
2024-11-18,Shopping,90.91,Bank Transfer,Recent catch specific manager.
2024-11-18,Food,23.52,Bank Transfer,Agree finish street.
2024-11-18,Food,9.69,Bank Transfer,Study wear brother only.
2024-11-18,Health,55.65,Mobile Payment,Baby economic.
2024-11-18,Rent,1081.17,Bank Transfer,Area attorney detail there purpose.
2024-11-18,Utilities,127.41,Bank Transfer,Clear gun policy avoid.
2024-11-18,Entertainment,52.38,Cash,Particular low good.
2024-11-18,Transport,8.85,Mobile Payment,Happen lawyer travel film degree.
2024-11-19,Entertainment,23.17,Mobile Payment,Soon out stop probably various.
2024-11-19,Rent,786.94,Bank Transfer,Cup writer management war boy.
2024-11-19,Rent,500.95,Cash,Color leader.
2024-11-19,Transport,10.61,Cash,Same enter course.
2024-11-19,Other,6.24,Card,Receive line win beyond.
2024-11-19,Entertainment,97.84,Card,Research financial serious top.
2024-11-20,Food,8.35,Mobile Payment,Certainly music remain police.
2024-11-20,Transport,14.85,Cash,Successful without also word.
2024-11-20,Other,78.52,Card,Recently war.
2024-11-20,Shopping,41.08,Mobile Payment,Seem husband suddenly.
2024-11-21,Rent,878.82,Card,Make way sport arrive treat.
2024-11-21,Transport,23.8,Cash,Today range form blood poor.
2024-11-21,Transport,18.91,Cash,Poor through shake.
2024-11-21,Health,85.33,Mobile Payment,Health charge ability admit particular.
2024-11-21,Transport,39.32,Bank Transfer,Than clearly.
2024-11-21,Rent,527.4,Card,Several order between.
2024-11-21,Transport,14.04,Bank Transfer,Woman camera lot spring.
2024-11-21,Shopping,157.08,Mobile Payment,Relationship account education color.
2024-11-21,Entertainment,48.66,Bank Transfer,Guess foot six example business.
2024-11-22,Other,72.02,Card,Arm fear there what person.
2024-11-22,Rent,1030.11,Cash,Dog consumer natural already.
2024-11-22,Shopping,84.71,Cash,Million decision.
2024-11-22,Shopping,193.51,Bank Transfer,Finish air fast.
2024-11-23,Shopping,137.85,Bank Transfer,Possible still add though certain.
2024-11-23,Rent,672.61,Cash,Agreement experience hand door marriage.
2024-11-23,Health,120.09,Mobile Payment,Section yard road.
2024-11-23,Utilities,153.1,Card,Decision open prevent throughout make.
2024-11-23,Food,21.03,Bank Transfer,Air painting fight head.
2024-11-23,Entertainment,61.21,Cash,Operation line better just.
2024-11-23,Utilities,122.53,Bank Transfer,Here hot animal hospital.
2024-11-23,Transport,13.95,Mobile Payment,Young road agree money.
2024-11-24,Other,9.38,Card,Poor six want cause.
2024-11-24,Transport,11.02,Bank Transfer,Ability cultural to because sense.
2024-11-24,Other,95.17,Bank Transfer,Anything nor finally man watch.
2024-11-25,Entertainment,92.28,Cash,Produce activity despite.
2024-11-26,Transport,34.61,Card,War arm another top.
2024-11-26,Utilities,67.61,Mobile Payment,Fire address debate clear authority.
2024-11-26,Other,75.27,Card,Lawyer seem commercial spend.
2024-11-26,Food,20.52,Mobile Payment,Group help with consider.
2024-11-26,Food,8.39,Bank Transfer,Bag issue threat.
2024-11-27,Shopping,120.33,Mobile Payment,Likely answer option officer.
2024-11-27,Other,14.73,Mobile Payment,Threat wide.
2024-11-27,Entertainment,67.33,Card,Use officer.
2024-11-27,Transport,48.98,Mobile Payment,Recognize hear wonder father.
2024-11-27,Entertainment,94.45,Card,Someone thus however source.
2024-11-27,Health,50.52,Bank Transfer,Interest front.
2024-11-27,Shopping,197.66,Mobile Payment,Public deep project easy half.
2024-11-28,Entertainment,79.82,Cash,Plant management four.
2024-11-28,Rent,554.73,Mobile Payment,Population husband star.
2024-11-28,Shopping,170.29,Bank Transfer,Strong foot general phone.
2024-11-28,Utilities,147.09,Mobile Payment,Market environmental million.
2024-11-28,Transport,32.55,Cash,Else decide option team.
2024-11-28,Shopping,110.91,Card,Hospital wrong subject bag member.
2024-11-29,Food,6.7,Bank Transfer,Part control high.
2024-11-29,Entertainment,64.09,Mobile Payment,Consider adult natural.
2024-11-30,Shopping,149.55,Mobile Payment,Teach paper.
2024-11-30,Shopping,195.41,Card,Perform occur.
2024-11-30,Food,11.89,Bank Transfer,Politics coach surface range.
2024-11-30,Rent,1179.72,Bank Transfer,Present training young.
2024-12-01,Health,106.73,Bank Transfer,Rise sister garden already.
2024-12-01,Transport,15.65,Cash,Contain rise positive billion blue.
2024-12-01,Utilities,108.49,Mobile Payment,Receive close seem song back.
2024-12-01,Rent,1005.48,Card,Lose over.
2024-12-01,Rent,823.07,Bank Transfer,Interesting year court.
2024-12-01,Shopping,89.5,Bank Transfer,Themselves idea.
2024-12-01,Health,25.01,Card,Rich summer leave.
2024-12-01,Utilities,197.02,Mobile Payment,Difference Mr effect.
2024-12-02,Utilities,118.97,Cash,Open floor where receive.
2024-12-02,Shopping,53.67,Card,No make individual woman claim.
2024-12-02,Utilities,154.8,Mobile Payment,Particular wrong itself name.
2024-12-03,Shopping,142.66,Mobile Payment,Star over.
2024-12-03,Food,15.36,Cash,Nearly media.
2024-12-03,Transport,38.74,Card,Send property notice.
2024-12-04,Other,85.23,Mobile Payment,Involve offer strong century democratic.
2024-12-04,Health,126.95,Mobile Payment,Carry candidate thought physical.
2024-12-04,Utilities,71.73,Bank Transfer,Worker enjoy sort others.
2024-12-04,Shopping,171.34,Bank Transfer,Start position country.
2024-12-04,Other,56.29,Cash,Sound threat.
2024-12-05,Shopping,155.2,Cash,Just matter result ok.
2024-12-05,Rent,506.55,Cash,Agent seem crime.
2024-12-05,Entertainment,72.14,Mobile Payment,Himself purpose summer.
2024-12-05,Shopping,32.0,Card,Foreign represent.
2024-12-05,Shopping,126.28,Mobile Payment,Check responsibility rock finish.
2024-12-06,Shopping,45.0,Mobile Payment,Indeed strategy Mr animal meet.
2024-12-06,Other,58.28,Cash,Conference purpose charge.
2024-12-06,Transport,9.12,Card,Effect serve force southern.
2024-12-06,Shopping,59.69,Card,Southern seem early different career.
2024-12-06,Utilities,147.63,Mobile Payment,Machine practice.
2024-12-06,Health,36.51,Card,Foreign late recognize agency customer.
2024-12-07,Rent,862.22,Mobile Payment,Population return.
2024-12-07,Food,22.35,Bank Transfer,Affect become open.
2024-12-07,Shopping,196.67,Card,Choice suffer say.
2024-12-07,Food,8.92,Cash,Environment speech record point.
2024-12-07,Shopping,161.65,Card,Nearly green ten.
2024-12-07,Rent,766.68,Bank Transfer,Piece once response with teach.
2024-12-07,Transport,42.66,Cash,Pick bill police behind free.
2024-12-08,Food,19.38,Bank Transfer,Management blood answer evening thought.
2024-12-08,Transport,35.37,Cash,Make debate concern quality ground.
2024-12-08,Utilities,82.3,Bank Transfer,Cost dark once.
2024-12-08,Food,24.06,Card,Company practice get finally life.
2024-12-08,Shopping,14.76,Cash,Start soldier network.
2024-12-08,Transport,13.75,Bank Transfer,Sit some class huge.
2024-12-08,Health,94.02,Cash,Feeling eye baby run.
2024-12-08,Shopping,179.93,Cash,Try whatever challenge example TV.
2024-12-08,Shopping,151.94,Cash,Ok late charge.
2024-12-09,Shopping,12.45,Card,Key cold exist drug between.
2024-12-09,Utilities,84.46,Mobile Payment,Much mother force stuff.
2024-12-09,Entertainment,94.48,Cash,She kitchen down back.
2024-12-09,Health,51.35,Card,Try life stuff.
2024-12-09,Other,48.5,Mobile Payment,Yourself skin out civil support.
2024-12-10,Utilities,198.75,Mobile Payment,Brother help Democrat.
2024-12-10,Food,25.51,Mobile Payment,College risk week bill.
2024-12-10,Health,137.39,Cash,Goal people road turn prevent.
2024-12-10,Shopping,163.84,Cash,Increase decide special else.
2024-12-10,Health,78.45,Mobile Payment,Will forget tend although sing.
2024-12-11,Transport,19.89,Mobile Payment,Meet property if rate.
2024-12-11,Other,68.87,Bank Transfer,Certainly during or.
2024-12-11,Transport,5.71,Cash,Follow detail.
2024-12-11,Rent,1151.99,Card,Behavior two everything eat.
2024-12-11,Shopping,29.63,Bank Transfer,Ever room TV drop whose.
2024-12-11,Rent,1181.34,Mobile Payment,Pay so federal realize politics.
2024-12-12,Rent,694.23,Card,Store bed impact.
2024-12-12,Food,24.75,Bank Transfer,Forget media media herself.
2024-12-12,Entertainment,22.67,Cash,Risk create for.
2024-12-12,Shopping,94.85,Mobile Payment,According away during weight.
2024-12-12,Health,40.86,Card,Nor can their decade.
2024-12-12,Shopping,149.47,Cash,Political speech care.
2024-12-13,Transport,3.06,Cash,Example agreement space.
2024-12-13,Transport,41.85,Card,Region throughout now economic.
2024-12-13,Rent,1040.09,Bank Transfer,Modern quickly not.
2024-12-13,Health,44.65,Card,Either feel character career.
2024-12-13,Utilities,86.77,Mobile Payment,Develop change parent response.
2024-12-13,Health,137.08,Bank Transfer,Month purpose woman fund simply.
2024-12-13,Other,15.31,Bank Transfer,Page guy phone.
2024-12-14,Other,73.62,Card,Son speech ago.
2024-12-14,Rent,996.36,Cash,Difference they information company.
2024-12-14,Food,17.88,Cash,Test second story.
2024-12-14,Other,18.7,Cash,Include get trip happen social.
2024-12-14,Other,91.2,Card,Vote research.
2024-12-14,Other,9.04,Bank Transfer,Social do walk citizen.
2024-12-15,Health,75.44,Bank Transfer,Gun show office short.
2024-12-15,Health,47.46,Cash,Crime campaign edge.
2024-12-15,Other,8.78,Mobile Payment,School speech argue.
2024-12-16,Other,85.12,Bank Transfer,Since main off war.
2024-12-16,Rent,984.96,Mobile Payment,Hour drop book.
2024-12-16,Transport,41.11,Card,Often result.
2024-12-17,Health,67.94,Mobile Payment,Late million nor.
2024-12-17,Rent,1051.48,Card,Peace difficult sort wall movement.
2024-12-17,Shopping,146.07,Mobile Payment,Technology last where.
2024-12-17,Other,73.4,Card,Seem option report rich before.
2024-12-17,Transport,4.22,Mobile Payment,Bit view able rich section.
2024-12-17,Other,73.61,Cash,As every method door whether.
2024-12-17,Food,15.09,Mobile Payment,Quite news wind play address.
2024-12-17,Utilities,145.38,Card,Crime scene dream surface.
2024-12-18,Shopping,97.4,Card,Business prove right.
2024-12-18,Other,38.58,Bank Transfer,Evidence defense side success.
2024-12-18,Food,10.99,Mobile Payment,See by center study.
2024-12-18,Entertainment,97.15,Bank Transfer,Soon quickly wonder education benefit.
2024-12-18,Rent,957.16,Cash,Nor child benefit.
2024-12-19,Food,7.43,Mobile Payment,He want name visit.
2024-12-19,Transport,16.52,Mobile Payment,Sport soon before which high.
2024-12-19,Entertainment,74.59,Cash,Wonder defense truth world near.
2024-12-19,Entertainment,39.02,Mobile Payment,Girl happen site behavior.
2024-12-19,Food,13.52,Mobile Payment,Better hold here perhaps where.
2024-12-19,Transport,27.78,Mobile Payment,Church push view citizen news.
2024-12-19,Entertainment,75.78,Bank Transfer,State agree officer suddenly.
2024-12-19,Utilities,76.63,Cash,Customer responsibility could.
2024-12-19,Transport,41.07,Cash,Send enough quite.
2024-12-19,Other,49.16,Cash,Resource tonight cup.
2024-12-19,Utilities,174.04,Bank Transfer,School laugh.
2024-12-20,Transport,49.24,Mobile Payment,There art.
2024-12-20,Health,101.37,Card,Main reach.
2024-12-20,Food,9.03,Bank Transfer,Political meet.
2024-12-20,Transport,25.85,Bank Transfer,Give science.
2024-12-20,Other,99.55,Card,Series hair guy throughout.
2024-12-20,Food,10.23,Mobile Payment,Sister might network leave discuss.
2024-12-21,Food,9.61,Cash,Attack defense opportunity arm force.
2024-12-21,Other,64.18,Mobile Payment,Through ability finally in bad.
2024-12-21,Other,17.15,Card,Special serve PM eight surface.
2024-12-21,Shopping,92.05,Mobile Payment,Behavior community hit bank.
2024-12-21,Transport,6.59,Mobile Payment,Will degree base.
2024-12-21,Utilities,112.91,Bank Transfer,At lawyer who man sometimes.
2024-12-22,Food,27.63,Mobile Payment,Particular soldier pass heart report.
2024-12-22,Health,103.27,Cash,Simply ball.
2024-12-22,Entertainment,41.93,Cash,Apply reveal.
2024-12-22,Shopping,168.57,Cash,Pretty fish.
2024-12-22,Health,104.59,Card,Claim throughout dark.
2024-12-22,Rent,551.44,Card,Per be.
2024-12-22,Health,44.86,Bank Transfer,Window image tax.
2024-12-23,Health,74.64,Card,International reveal third talk.
2024-12-23,Shopping,100.58,Cash,Around run.
2024-12-23,Other,63.9,Mobile Payment,Feel radio old.
2024-12-23,Rent,810.99,Mobile Payment,All feel.
2024-12-24,Rent,1048.84,Cash,Born its time sport.
2024-12-24,Rent,1026.54,Card,Four marriage.
2024-12-24,Other,96.18,Mobile Payment,Lot contain.
2024-12-24,Transport,16.13,Mobile Payment,Democrat between word something result.
2024-12-25,Entertainment,61.1,Mobile Payment,Mind I.
2024-12-25,Health,131.41,Bank Transfer,Agree speak change certainly north.
2024-12-25,Other,81.21,Mobile Payment,Second bring could provide during.
2024-12-25,Entertainment,25.33,Bank Transfer,Mind it sport most foreign.
2024-12-25,Shopping,182.92,Cash,Your cell.
2024-12-25,Shopping,67.46,Mobile Payment,Water those onto official base.
2024-12-26,Health,138.24,Card,Since why question support.
2024-12-26,Shopping,123.05,Bank Transfer,Use call almost.
2024-12-26,Rent,793.73,Bank Transfer,Ago book daughter.
2024-12-26,Other,76.98,Bank Transfer,Shoulder manage some network.
2024-12-26,Health,71.66,Bank Transfer,Itself against issue company.
2024-12-26,Shopping,171.13,Cash,Agree bag minute.
2024-12-26,Food,28.98,Mobile Payment,Indicate set.
2024-12-27,Other,96.31,Mobile Payment,Apply perform.
2024-12-27,Food,28.51,Mobile Payment,Human speak leader.
2024-12-27,Rent,448.81,Bank Transfer,Since option.
2024-12-27,Other,27.98,Cash,Little history first.
2024-12-27,Other,76.36,Card,Force age happy.
2024-12-27,Health,89.81,Bank Transfer,Play year keep subject.
2024-12-27,Transport,20.95,Cash,Ground news level.
2024-12-27,Utilities,158.46,Bank Transfer,So according goal PM heart.
2024-12-27,Other,61.34,Cash,Wall manager less around.
2024-12-27,Food,9.1,Cash,For TV product girl tax.
2024-12-27,Food,20.3,Cash,Responsibility his major this western.
2024-12-27,Entertainment,82.45,Cash,Local form smile open.
2024-12-27,Entertainment,82.29,Cash,Notice lose fall shake amount.
2024-12-28,Transport,39.35,Cash,Serve product everyone maybe our.
2024-12-28,Utilities,63.39,Bank Transfer,Because drive community behind occur.
2024-12-28,Other,25.51,Cash,Prove white case music just.
2024-12-28,Rent,668.99,Card,Fish trade form.
2024-12-28,Food,5.99,Bank Transfer,Fund table it record.
2024-12-28,Entertainment,98.57,Mobile Payment,Message American have identify.
2024-12-29,Utilities,181.08,Bank Transfer,Wear experience nice.
2024-12-29,Shopping,165.17,Mobile Payment,Among decision character cost.
2024-12-29,Rent,895.86,Card,Capital science cold human peace.
2024-12-29,Entertainment,46.59,Cash,Body expert current.
2024-12-29,Rent,1040.15,Card,Land around common.
2024-12-29,Food,12.12,Bank Transfer,Certainly middle fall.
2024-12-29,Food,20.1,Bank Transfer,Product see view.
2024-12-29,Entertainment,99.19,Cash,Least theory even teach his.
2024-12-29,Health,73.64,Card,Medical lay skill summer.
2024-12-29,Health,36.47,Card,Pay across contain.
2024-12-29,Other,93.72,Card,Manage sister unit somebody tell.
2024-12-30,Shopping,132.55,Mobile Payment,Person party.
2024-12-30,Entertainment,49.35,Bank Transfer,Simply military forget school.
2024-12-30,Entertainment,41.79,Mobile Payment,Program condition consumer late board.
2024-12-31,Rent,943.69,Bank Transfer,Finally describe account pass.
2024-12-31,Utilities,53.09,Mobile Payment,Yet skin power boy style.
2024-12-31,Rent,897.78,Mobile Payment,Today summer community.
2024-12-31,Food,12.18,Bank Transfer,About usually he crime.
2025-01-01,Health,146.37,Mobile Payment,Along everybody space.
2025-01-01,Other,99.56,Bank Transfer,Section budget attention.
2025-01-01,Other,21.38,Cash,Writer list.
2025-01-01,Shopping,77.34,Bank Transfer,Wrong computer popular.
2025-01-01,Entertainment,55.02,Card,How method able.
2025-01-02,Other,18.33,Bank Transfer,Couple message open though lawyer.
2025-01-02,Health,82.03,Cash,Structure investment.
2025-01-02,Other,75.33,Mobile Payment,Politics treatment top skill work.
2025-01-02,Rent,1182.62,Cash,Property plant among central.
2025-01-02,Utilities,199.89,Card,Condition for candidate bring.
2025-01-02,Shopping,155.19,Cash,Blood TV.
2025-01-02,Rent,694.86,Mobile Payment,Nor listen.
2025-01-02,Entertainment,54.9,Mobile Payment,Report determine end same.
2025-01-02,Rent,775.7,Card,Visit form government choose.
2025-01-02,Shopping,120.87,Bank Transfer,Notice news try around that.
2025-01-02,Other,92.66,Bank Transfer,Reduce authority water drug kitchen.
2025-01-02,Rent,559.35,Bank Transfer,Especially should then.
2025-01-02,Other,34.55,Card,All cup like.
2025-01-03,Other,48.96,Cash,Same inside bar say.
2025-01-03,Shopping,42.2,Card,Interest discussion drug.
2025-01-03,Rent,868.59,Bank Transfer,See one lot sound soldier.
2025-01-03,Health,77.71,Card,Security point hard forward.
2025-01-03,Rent,751.75,Card,Citizen hot likely.
2025-01-03,Health,34.62,Cash,Surface student even.
2025-01-03,Rent,841.49,Cash,Always certain today.
2025-01-03,Other,52.34,Card,Interview side do food decision.
2025-01-04,Food,19.55,Cash,Ready save.
2025-01-04,Transport,37.0,Card,Despite former let ever.
2025-01-04,Rent,450.09,Bank Transfer,Skill firm need news.
2025-01-04,Shopping,97.72,Card,Agreement federal plant car director.
2025-01-04,Rent,950.6,Mobile Payment,Serve security any.
2025-01-04,Transport,5.09,Bank Transfer,Task per note.
2025-01-04,Food,16.09,Bank Transfer,Travel change set sound however.
2025-01-04,Transport,40.51,Mobile Payment,Method health difficult laugh fund.
2025-01-04,Food,6.98,Mobile Payment,They couple focus peace.
2025-01-04,Food,22.75,Cash,Choose produce manage in today.
2025-01-04,Utilities,58.16,Mobile Payment,Campaign laugh spring election.
2025-01-04,Other,47.0,Bank Transfer,Live view nice market.
2025-01-05,Entertainment,67.72,Bank Transfer,Four hard soldier keep.
2025-01-05,Shopping,167.17,Cash,Technology current stuff bad.
2025-01-05,Shopping,75.38,Mobile Payment,Billion car and.
2025-01-05,Other,55.4,Card,Painting cultural allow.
2025-01-06,Transport,29.23,Mobile Payment,Popular night defense kind respond.
2025-01-06,Utilities,96.51,Bank Transfer,Here you true enjoy building.
2025-01-07,Food,20.41,Bank Transfer,Staff here leave husband.
2025-01-07,Food,11.2,Mobile Payment,Could plant talk.
2025-01-07,Other,77.29,Bank Transfer,Physical along edge yard deep.
2025-01-07,Entertainment,97.69,Card,Treat right clearly picture.
2025-01-07,Food,11.49,Mobile Payment,Cut weight time.
2025-01-07,Shopping,150.03,Card,Stay financial hold.
2025-01-07,Transport,9.72,Mobile Payment,Reach five send language might.
2025-01-08,Entertainment,21.0,Mobile Payment,Play source.
2025-01-08,Transport,19.24,Mobile Payment,Your treatment operation.
2025-01-08,Food,28.72,Cash,Positive of may.
2025-01-09,Transport,44.37,Cash,Car set opportunity system according.
2025-01-09,Health,104.91,Cash,Course increase work election cost.
2025-01-09,Food,6.67,Mobile Payment,Black effect away population.
2025-01-09,Rent,939.07,Cash,Place hard yourself.
2025-01-09,Entertainment,31.77,Cash,Prevent area thought.
2025-01-09,Health,57.85,Bank Transfer,Development physical week nature.
2025-01-09,Entertainment,58.89,Bank Transfer,Trial effort professor charge.
2025-01-10,Other,15.85,Card,Mr sell instead.
2025-01-10,Entertainment,88.77,Cash,Buy property.
2025-01-10,Entertainment,35.03,Card,Push social until.
2025-01-10,Shopping,199.29,Cash,Recognize lawyer perform.
2025-01-10,Shopping,138.93,Bank Transfer,Our against yourself must.
2025-01-11,Rent,773.7,Cash,Fight middle design it himself.
2025-01-11,Food,25.32,Card,Up keep particular practice protect.
2025-01-11,Other,68.25,Mobile Payment,Step ability.
2025-01-11,Other,34.56,Bank Transfer,Star another hope.
2025-01-11,Rent,976.9,Bank Transfer,North hair your.
2025-01-12,Utilities,145.12,Mobile Payment,Nothing role company suffer reality.
2025-01-12,Utilities,100.75,Card,Role health art.
2025-01-12,Rent,511.91,Cash,Subject wrong model.
2025-01-12,Shopping,80.15,Cash,In without religious become.
2025-01-12,Other,71.48,Bank Transfer,Their whose.
2025-01-13,Health,36.37,Mobile Payment,Two throw job either.
2025-01-13,Transport,42.16,Mobile Payment,Moment performance pattern town.
2025-01-14,Shopping,110.72,Bank Transfer,South free space responsibility can.
2025-01-14,Rent,672.73,Mobile Payment,Part concern simply wait.
2025-01-14,Health,119.33,Mobile Payment,Pattern white news property benefit.
2025-01-14,Health,52.91,Bank Transfer,Shoulder feel pressure east style.
2025-01-14,Other,62.97,Mobile Payment,Help resource foreign rich.
2025-01-14,Entertainment,85.66,Card,Old them various ago which.
2025-01-14,Transport,19.82,Card,Southern try similar hope.
2025-01-15,Other,62.03,Mobile Payment,Mouth establish again.
2025-01-15,Utilities,134.83,Card,Key product color.
2025-01-15,Other,57.84,Cash,Edge ready throughout minute character.
2025-01-15,Transport,13.42,Cash,Live relationship economic this.
2025-01-15,Utilities,177.1,Card,Past crime when.
2025-01-16,Food,12.05,Cash,Instead watch subject drop.
2025-01-16,Other,34.63,Mobile Payment,Bill win.
2025-01-16,Food,19.31,Bank Transfer,Size pattern then.
2025-01-16,Shopping,131.91,Card,Here left attack determine.
2025-01-17,Utilities,117.24,Bank Transfer,Wish decision should.
2025-01-17,Rent,891.07,Bank Transfer,Themselves year car as.
2025-01-17,Transport,22.74,Card,Design realize yourself list campaign.
2025-01-17,Rent,993.51,Bank Transfer,Take behind seek none.
2025-01-17,Utilities,90.87,Card,Cell wife each.
2025-01-17,Transport,36.06,Card,Woman most.
2025-01-18,Utilities,140.6,Card,Movement offer.
2025-01-18,Other,41.19,Bank Transfer,Color man his professor.
2025-01-18,Food,5.44,Mobile Payment,Run moment want.
2025-01-18,Rent,597.89,Mobile Payment,Draw former with.
2025-01-18,Other,75.4,Card,School upon center.
2025-01-19,Other,38.5,Card,Goal late near.
2025-01-19,Other,66.29,Mobile Payment,Local unit total.
2025-01-19,Entertainment,61.77,Cash,Along board represent commercial firm.
2025-01-20,Shopping,91.47,Bank Transfer,Issue minute sometimes.
2025-01-20,Shopping,196.46,Card,Effort maybe ready issue pressure.
2025-01-20,Transport,22.31,Mobile Payment,Much someone.
2025-01-20,Other,53.91,Mobile Payment,Part attack probably all shoulder.
2025-01-21,Other,22.24,Mobile Payment,Pressure this firm.
2025-01-21,Health,123.15,Cash,Including bar.
2025-01-21,Food,13.48,Cash,Its role all common.
2025-01-21,Transport,15.81,Mobile Payment,Author report write war.
2025-01-21,Utilities,109.15,Cash,Allow arm.
2025-01-21,Entertainment,75.79,Card,Democratic least personal whose.
2025-01-22,Transport,26.34,Mobile Payment,Produce financial surface.
2025-01-22,Health,61.87,Mobile Payment,Purpose one wall none series.
2025-01-22,Food,9.47,Card,Individual first mouth.
2025-01-22,Entertainment,70.68,Mobile Payment,Rule once cover.
2025-01-23,Rent,946.88,Mobile Payment,Often poor piece affect.
2025-01-23,Rent,798.82,Card,Leader push although table.
2025-01-23,Transport,24.23,Card,War history job eye.
2025-01-23,Food,9.15,Card,Interest help yourself three bed.
2025-01-23,Other,52.13,Cash,Its tend art.
2025-01-23,Food,14.05,Cash,Care sea green effect.
2025-01-23,Shopping,24.03,Cash,Movie form.
2025-01-23,Food,17.02,Mobile Payment,Produce candidate.
2025-01-23,Other,20.47,Card,Style top require author.
2025-01-24,Transport,16.87,Card,Society tonight party nation.
2025-01-24,Entertainment,33.06,Cash,Open organization east can.
2025-01-24,Food,16.84,Bank Transfer,Strong activity media.
2025-01-24,Entertainment,66.16,Bank Transfer,Thus sometimes spring responsibility.
2025-01-24,Other,15.56,Mobile Payment,Power above skin air.
2025-01-24,Other,25.65,Mobile Payment,Woman because know.
2025-01-24,Other,97.35,Cash,Happy anyone people discuss.
2025-01-24,Shopping,60.25,Mobile Payment,Throughout none which business key.
2025-01-24,Rent,624.69,Card,Successful call religious.
2025-01-24,Shopping,122.96,Cash,Role ask who onto.
2025-01-24,Other,98.96,Mobile Payment,Analysis ago whether skill positive.
2025-01-24,Other,36.11,Mobile Payment,Culture buy admit speak action.
2025-01-24,Transport,11.88,Mobile Payment,Computer subject Congress region.
2025-01-24,Transport,40.06,Bank Transfer,Soon high.
2025-01-24,Transport,6.51,Bank Transfer,Once beat course throughout.
2025-01-25,Utilities,71.22,Bank Transfer,Fight fast compare.
2025-01-25,Utilities,128.01,Cash,Pay receive who radio image.
2025-01-25,Rent,579.32,Mobile Payment,Task send.
2025-01-25,Other,79.15,Mobile Payment,Agent plan end speech.
2025-01-25,Entertainment,71.0,Cash,Of person family miss.
2025-01-25,Entertainment,42.93,Card,Name radio.
2025-01-25,Utilities,104.06,Cash,Range without yet system.
2025-01-26,Health,135.08,Card,Under again.
2025-01-26,Health,77.77,Bank Transfer,Example note community.
2025-01-26,Health,35.59,Cash,Form budget worker.
2025-01-26,Utilities,124.53,Cash,Concern test guy learn issue.
2025-01-26,Shopping,116.03,Cash,Party agency represent.
2025-01-26,Entertainment,59.68,Cash,State ten.
2025-01-26,Food,16.27,Cash,Season expect.
2025-01-27,Rent,481.92,Cash,Agreement class water allow feeling.
2025-01-27,Utilities,119.92,Card,Whether lawyer nation design course.
2025-01-27,Food,6.76,Mobile Payment,Magazine daughter follow rule.
2025-01-27,Shopping,189.55,Cash,Economy picture order north.
2025-01-28,Other,99.09,Mobile Payment,Authority single than.
2025-01-28,Other,54.57,Cash,Both with sure suggest simple.
2025-01-28,Rent,528.54,Card,Laugh claim image.
2025-01-28,Shopping,177.63,Card,Identify enjoy stay.
2025-01-28,Entertainment,81.91,Cash,Do guy worker citizen.
2025-01-28,Other,60.62,Card,Many recently view.
2025-01-29,Other,32.23,Cash,One deal sport could good.
2025-01-29,Utilities,191.51,Mobile Payment,Run nice law check.
2025-01-29,Utilities,180.21,Bank Transfer,Trade reveal Congress however national.
2025-01-29,Transport,3.72,Cash,Knowledge opportunity light.
2025-01-29,Transport,35.89,Bank Transfer,Parent worry knowledge miss third.
2025-01-30,Entertainment,35.18,Cash,Age action let perhaps.
2025-01-30,Transport,12.06,Card,Care stuff likely agreement suffer.
2025-01-30,Shopping,19.76,Mobile Payment,Begin civil evening.
2025-01-30,Rent,971.57,Bank Transfer,Many hotel floor.
2025-01-30,Utilities,169.56,Cash,Would rate behavior father local.
2025-01-30,Utilities,181.24,Card,Box meet us treat theory.
2025-01-30,Transport,40.5,Cash,Back piece best.
2025-01-30,Shopping,126.71,Mobile Payment,Pull size face us.
2025-01-30,Rent,723.32,Bank Transfer,Practice in west.
2025-01-31,Shopping,19.75,Mobile Payment,Evidence while threat avoid.
2025-01-31,Other,63.51,Cash,Particularly after significant.
2025-01-31,Transport,32.61,Mobile Payment,Phone let turn wife.
2025-01-31,Other,57.94,Card,Admit rather way wonder plant.
2025-01-31,Other,92.33,Card,Building home yourself.
2025-01-31,Utilities,173.57,Mobile Payment,Service realize case.
2025-02-01,Utilities,141.58,Card,Bill others good cost.
2025-02-01,Health,57.32,Card,Program view.
2025-02-01,Transport,48.09,Mobile Payment,Though shake far.
2025-02-02,Transport,20.35,Mobile Payment,Green draw despite whose.
2025-02-02,Other,63.47,Card,Government leave nothing piece break.
2025-02-02,Rent,767.2,Mobile Payment,Just politics everybody.
2025-02-02,Health,31.06,Bank Transfer,Mention very present.
2025-02-03,Rent,1000.19,Cash,Senior not.
2025-02-03,Transport,46.37,Card,Attention rise skin hospital.
2025-02-03,Shopping,77.21,Card,With clear.
2025-02-03,Entertainment,30.96,Cash,Agency level tax fall.
2025-02-03,Utilities,55.1,Cash,Recently item.
2025-02-03,Other,15.67,Mobile Payment,Set woman card challenge camera.
2025-02-04,Rent,960.45,Card,Baby level lead nature.
2025-02-04,Health,31.67,Cash,Democratic civil suggest marriage once.
2025-02-04,Rent,456.04,Bank Transfer,Final recognize.
2025-02-04,Food,21.13,Cash,Official way my national.
2025-02-04,Food,26.32,Card,Light fine eight.
2025-02-04,Rent,882.71,Cash,Bar recently.
2025-02-05,Entertainment,37.67,Mobile Payment,Moment watch administration else later.
2025-02-05,Transport,17.56,Bank Transfer,At his size chair herself.
2025-02-05,Shopping,87.16,Bank Transfer,American indeed consider agency town.
2025-02-05,Other,47.06,Cash,Language cause trip carry.
2025-02-05,Food,6.19,Mobile Payment,Similar share save.
2025-02-05,Rent,1084.19,Bank Transfer,Adult may across.
2025-02-06,Rent,791.13,Bank Transfer,Factor continue travel professional.
2025-02-06,Utilities,144.19,Mobile Payment,Real allow rather white real.
2025-02-06,Shopping,110.76,Mobile Payment,Election character culture road have.
2025-02-06,Utilities,152.89,Bank Transfer,Final since according talk music.
2025-02-06,Other,89.17,Card,Then seek administration skill.
2025-02-06,Health,107.53,Cash,Dinner mission.
2025-02-07,Entertainment,29.72,Card,Own hot old finish.
2025-02-07,Food,20.76,Card,Find job.
2025-02-07,Health,125.29,Card,Firm Mrs rather option.
2025-02-07,Utilities,115.16,Mobile Payment,Republican know church drop.
2025-02-07,Rent,1049.32,Bank Transfer,Kitchen board cold away.
2025-02-07,Rent,844.59,Mobile Payment,Consider agree always Congress.
2025-02-08,Transport,38.67,Bank Transfer,Similar dinner ask soon.
2025-02-08,Entertainment,98.66,Cash,Same himself build look.
2025-02-08,Transport,14.26,Mobile Payment,Easy science fly become.
2025-02-08,Utilities,129.15,Cash,Voice heavy.
2025-02-08,Food,24.34,Cash,Suggest style age understand.
2025-02-09,Utilities,170.11,Card,Bit rock save pattern.
2025-02-09,Entertainment,48.4,Mobile Payment,Low effort finish.
2025-02-09,Utilities,123.11,Mobile Payment,Live we about up.
2025-02-09,Health,42.47,Bank Transfer,Determine seven hot opportunity cut.
2025-02-09,Shopping,164.24,Mobile Payment,Western son thought return.
2025-02-10,Rent,713.8,Mobile Payment,Environmental what green challenge.
2025-02-10,Other,92.35,Card,Believe seat.
2025-02-10,Shopping,182.0,Mobile Payment,Thank card human food.
2025-02-10,Other,77.24,Card,Explain investment.
2025-02-10,Health,76.42,Mobile Payment,Carry present section.
2025-02-10,Utilities,118.65,Card,Ok own organization.
2025-02-11,Food,28.81,Mobile Payment,Policy still close lay.
2025-02-11,Entertainment,60.18,Mobile Payment,She degree big unit.
2025-02-11,Other,98.99,Bank Transfer,Church safe picture good town.
2025-02-11,Shopping,186.53,Cash,Report upon prepare nothing fine.
2025-02-11,Entertainment,79.25,Mobile Payment,Ever accept start happen.
2025-02-11,Shopping,10.56,Bank Transfer,Should should than fish.
2025-02-12,Shopping,144.33,Cash,Detail her explain person.
2025-02-12,Rent,933.75,Cash,Staff state.
2025-02-12,Shopping,29.54,Cash,Sort address beautiful.
2025-02-12,Health,25.15,Cash,Sit program south realize.
2025-02-13,Shopping,21.97,Bank Transfer,Country remember.
2025-02-13,Rent,1066.24,Bank Transfer,Carry itself happy.
2025-02-14,Rent,569.95,Bank Transfer,Maybe production little year.
2025-02-14,Other,50.66,Mobile Payment,Baby civil community base.
2025-02-15,Health,58.9,Mobile Payment,Let public act bed eye.
2025-02-15,Other,37.14,Card,High against dog sound decade.
2025-02-15,Health,102.32,Bank Transfer,Whether whatever road.
2025-02-15,Entertainment,55.79,Bank Transfer,White shoulder article almost plant.
2025-02-15,Food,25.22,Cash,Major local son.
2025-02-15,Health,99.37,Card,Mr tree bring thought.
2025-02-15,Other,36.3,Mobile Payment,Page ever state defense analysis.
2025-02-16,Rent,535.52,Card,Finish second future.
2025-02-16,Shopping,178.06,Card,Or loss year stage data.
2025-02-16,Shopping,25.85,Mobile Payment,Forget television its.
2025-02-16,Entertainment,15.13,Cash,Sense sometimes.
2025-02-16,Health,114.82,Mobile Payment,Industry policy not could TV.
2025-02-16,Other,87.43,Mobile Payment,Information major.
2025-02-16,Health,48.99,Bank Transfer,Again final realize arm.
2025-02-16,Other,19.37,Card,Trip purpose develop ground.
2025-02-16,Transport,41.64,Mobile Payment,Similar study young spring.
2025-02-16,Transport,22.63,Cash,Side nation wonder.
2025-02-16,Food,17.8,Cash,Moment reason under.
2025-02-16,Rent,412.09,Bank Transfer,Computer place stuff turn less.
2025-02-16,Shopping,83.45,Cash,Yet scientist.
2025-02-17,Other,69.81,Bank Transfer,Magazine item third.
2025-02-17,Health,66.0,Card,Someone middle field continue.
2025-02-17,Food,13.87,Card,Something fear look.
2025-02-17,Utilities,169.33,Bank Transfer,Show bring history real.
2025-02-17,Utilities,138.41,Bank Transfer,Five firm teacher purpose look.
2025-02-17,Health,39.15,Mobile Payment,Memory since court effort usually.
2025-02-17,Health,90.58,Card,Goal six reflect.
2025-02-17,Other,93.09,Bank Transfer,Especially summer board country.
2025-02-17,Transport,28.76,Bank Transfer,Good inside step.
2025-02-17,Other,37.35,Mobile Payment,Stand down certainly.
2025-02-18,Utilities,71.31,Cash,Difference six.
2025-02-18,Other,11.51,Cash,Range cold always.
2025-02-18,Other,20.57,Bank Transfer,Season change PM pick.
2025-02-18,Shopping,107.19,Cash,Brother law call during experience.
2025-02-18,Shopping,84.02,Card,Natural reason social laugh answer.
2025-02-19,Food,7.62,Card,From dark agree if.
2025-02-19,Utilities,143.0,Cash,Project play less international three.
2025-02-19,Shopping,86.1,Card,Catch south simple.
2025-02-19,Rent,706.7,Mobile Payment,Manage edge sit music.
2025-02-19,Shopping,36.97,Bank Transfer,Society site cause.
2025-02-19,Health,61.11,Card,Far can history Democrat.
2025-02-19,Health,110.07,Mobile Payment,Group what.
2025-02-20,Food,24.45,Bank Transfer,System property professor new.
2025-02-20,Health,103.23,Bank Transfer,Student hot teach him.
2025-02-20,Rent,1194.35,Cash,General never national model.
2025-02-21,Entertainment,37.75,Cash,Education floor cut senior.
2025-02-21,Entertainment,25.79,Cash,Character make service pretty.
2025-02-21,Entertainment,33.46,Bank Transfer,Himself write hospital million.
2025-02-21,Utilities,69.48,Mobile Payment,Democrat sense argue.
2025-02-21,Rent,971.72,Mobile Payment,Keep fish up drug.
2025-02-22,Other,94.98,Bank Transfer,Build every your education.
2025-02-22,Shopping,136.8,Card,Cultural affect language.
2025-02-22,Transport,3.71,Card,Ahead reach effort above.
2025-02-22,Food,6.53,Mobile Payment,Movement arm eye.
2025-02-23,Health,129.9,Cash,Enter say drug.
2025-02-23,Shopping,171.74,Cash,Artist paper.
2025-02-23,Health,25.98,Bank Transfer,Throw sort.
2025-02-23,Transport,26.28,Bank Transfer,Enjoy finish begin.
2025-02-23,Health,41.33,Bank Transfer,Positive current you.
2025-02-24,Shopping,62.58,Card,Another reveal production.
2025-02-24,Transport,44.4,Cash,Individual road support.
2025-02-25,Health,91.65,Cash,Parent about yard.
2025-02-25,Other,14.1,Mobile Payment,Particular sometimes pressure consider.
2025-02-25,Health,64.01,Cash,Direction reduce western.
2025-02-25,Shopping,180.63,Mobile Payment,Capital choose impact ball.
2025-02-26,Transport,17.23,Cash,Foreign smile lead although.
2025-02-26,Shopping,17.12,Cash,Speech actually area allow.
2025-02-26,Health,26.56,Bank Transfer,Both environmental seem edge.
2025-02-26,Transport,40.78,Bank Transfer,Teach within various whom.
2025-02-26,Transport,36.92,Cash,Increase skin agreement see tell.
2025-02-27,Entertainment,79.33,Mobile Payment,Shoulder party sound relate.
2025-02-27,Health,136.22,Bank Transfer,If exist word.
2025-02-27,Utilities,62.16,Mobile Payment,Approach stuff ground.
2025-02-27,Rent,671.94,Cash,Newspaper evidence research.
2025-02-28,Shopping,150.88,Mobile Payment,Hand couple.
2025-02-28,Health,63.29,Cash,Will great sort leader.
2025-02-28,Entertainment,74.95,Bank Transfer,Research eye cup.
2025-03-01,Shopping,22.59,Card,Usually rather third.
2025-03-01,Food,28.34,Card,Although north huge.
2025-03-01,Transport,3.44,Bank Transfer,Local media west.
2025-03-02,Other,31.55,Bank Transfer,Statement skill fight.
2025-03-02,Entertainment,29.58,Mobile Payment,Beyond until community ahead.
2025-03-02,Rent,1113.81,Card,Over threat improve speak coach.
2025-03-03,Rent,1131.92,Cash,Someone against.
2025-03-03,Other,22.57,Card,Return account itself live.
2025-03-03,Food,19.15,Mobile Payment,Yard bill speech against worry.
2025-03-03,Utilities,183.1,Mobile Payment,According business.
2025-03-04,Shopping,26.39,Mobile Payment,Daughter billion door unit build.
2025-03-04,Entertainment,16.08,Cash,Look wife.
2025-03-04,Health,50.55,Mobile Payment,Certainly economic stuff situation conference.
2025-03-04,Rent,970.07,Cash,Your water listen.
2025-03-04,Other,54.68,Bank Transfer,Yard you.
2025-03-04,Food,9.95,Bank Transfer,Whom brother.
2025-03-05,Transport,33.37,Card,Improve special.
2025-03-06,Entertainment,60.01,Bank Transfer,Expert charge treatment mouth.
2025-03-06,Health,131.5,Bank Transfer,Hand call.
2025-03-06,Health,32.47,Mobile Payment,Every friend allow price.
2025-03-06,Food,29.77,Card,Job to kid.
2025-03-06,Rent,867.03,Card,Opportunity single.
2025-03-06,Transport,26.36,Bank Transfer,Theory behind.
2025-03-06,Food,24.21,Card,Who imagine training.
2025-03-06,Rent,435.73,Card,Republican without.
2025-03-07,Utilities,176.17,Card,Its civil analysis reduce thought.
2025-03-07,Other,31.92,Card,Usually relationship traditional.
2025-03-07,Health,31.81,Card,Live something sit save.
2025-03-07,Other,30.03,Mobile Payment,Case conference husband.
2025-03-07,Shopping,17.8,Card,Run happen away include coach.
2025-03-07,Rent,580.75,Card,Effect wait stuff.
2025-03-08,Rent,1010.55,Bank Transfer,Project watch peace onto.
2025-03-08,Rent,453.11,Mobile Payment,Pick apply science stock arm.
2025-03-08,Entertainment,72.5,Bank Transfer,Station wrong.
2025-03-08,Rent,989.22,Card,Manager hair field mind.
2025-03-08,Food,18.63,Bank Transfer,School article expect.
2025-03-09,Other,40.65,Bank Transfer,Coach nice cell second owner.
2025-03-09,Utilities,194.34,Cash,Which activity season its.
2025-03-09,Transport,19.93,Mobile Payment,Music miss change.
2025-03-09,Transport,37.56,Card,Really police produce send.
2025-03-09,Food,8.7,Mobile Payment,Tend out impact.
2025-03-09,Food,26.24,Card,Education late.
2025-03-09,Transport,27.27,Mobile Payment,Practice environment.
2025-03-10,Health,99.2,Mobile Payment,Catch much health.
2025-03-10,Shopping,127.43,Mobile Payment,Increase charge.
2025-03-10,Health,70.4,Cash,State husband because.
2025-03-10,Rent,1024.3,Card,Research not.
2025-03-10,Shopping,77.91,Card,Behind method.
2025-03-10,Entertainment,95.55,Cash,Item about TV painting place.
2025-03-10,Health,133.44,Cash,Model strong chance attorney interview.
2025-03-11,Food,29.05,Card,Edge since close surface.
2025-03-11,Shopping,124.88,Card,Stage protect best fire.
2025-03-11,Utilities,188.33,Mobile Payment,Now read up girl.
2025-03-11,Rent,635.34,Card,Industry test choice somebody.
2025-03-11,Transport,40.24,Card,Watch offer pull will.
2025-03-11,Health,132.38,Mobile Payment,Set simply do.
2025-03-12,Utilities,145.26,Card,Yourself enjoy arrive.
2025-03-12,Entertainment,32.44,Bank Transfer,Attorney house pretty its mind.
2025-03-12,Shopping,139.47,Cash,Specific leg compare history.
2025-03-13,Health,76.26,Cash,Site compare east.
2025-03-13,Other,86.07,Mobile Payment,This ability rather Mr.
2025-03-13,Utilities,195.46,Cash,Prevent stop goal local.
2025-03-13,Food,24.05,Bank Transfer,Event produce dream next while.
2025-03-13,Shopping,65.36,Card,Camera city year office child.
2025-03-13,Utilities,62.72,Bank Transfer,Something let since edge.
2025-03-13,Transport,15.97,Cash,Her work nature question design.
2025-03-14,Shopping,101.12,Bank Transfer,Always line computer enter.
2025-03-14,Rent,962.56,Cash,Claim off three building debate.
2025-03-14,Rent,665.96,Mobile Payment,Size recent growth less price.
2025-03-15,Health,47.34,Bank Transfer,Sing within management possible.
2025-03-15,Utilities,65.74,Mobile Payment,Democratic take learn name.
2025-03-15,Entertainment,55.12,Card,Wrong everybody candidate.
2025-03-15,Other,44.69,Cash,Hotel let environment.
2025-03-15,Rent,1086.17,Mobile Payment,Turn might nation yet.
2025-03-15,Health,106.07,Mobile Payment,Light occur where believe.
2025-03-15,Shopping,24.99,Bank Transfer,When unit inside tax.
2025-03-15,Food,26.32,Cash,Fact although approach continue.
2025-03-15,Other,27.29,Mobile Payment,Situation throughout prepare race.
2025-03-15,Utilities,163.48,Card,Oil attorney candidate.
2025-03-15,Utilities,133.99,Card,Smile purpose.
2025-03-15,Rent,1183.62,Bank Transfer,Region might word this test.
2025-03-16,Entertainment,43.16,Card,Class single artist issue.
2025-03-16,Health,117.13,Bank Transfer,Interest picture simply.
2025-03-16,Utilities,169.97,Mobile Payment,His information agreement.
2025-03-16,Shopping,132.24,Card,Rock eight cup painting mind.
2025-03-17,Transport,29.35,Bank Transfer,Word store.
2025-03-17,Transport,32.16,Cash,Mission light check table.
2025-03-17,Food,12.12,Cash,Issue wrong style however opportunity.
2025-03-17,Food,22.73,Cash,Market will put discussion.
2025-03-17,Food,16.12,Bank Transfer,Successful work dog.
2025-03-18,Transport,48.94,Cash,Throughout full candidate ten daughter.
2025-03-18,Food,23.75,Mobile Payment,Debate little father red.
2025-03-18,Shopping,144.48,Mobile Payment,Concern majority usually.
2025-03-19,Other,96.46,Cash,Cost within design break.
2025-03-19,Rent,1082.14,Card,Lose better baby.
2025-03-19,Rent,546.55,Bank Transfer,Point happen soldier serious.
2025-03-19,Health,44.49,Mobile Payment,Mother campaign few.
2025-03-19,Utilities,126.31,Cash,Indeed best baby look.
2025-03-20,Entertainment,75.87,Cash,Politics all how region industry.
2025-03-20,Other,7.52,Bank Transfer,Defense garden woman music.
2025-03-20,Entertainment,74.68,Cash,Mention newspaper forget feeling.
2025-03-21,Other,45.7,Card,Allow learn interesting real.
2025-03-21,Food,19.93,Cash,Structure TV someone.
2025-03-21,Health,114.04,Cash,Accept feeling.
2025-03-21,Shopping,198.85,Cash,Whose also popular however.
2025-03-22,Other,74.28,Mobile Payment,Health spring four.
2025-03-22,Other,78.94,Card,Hit watch.
2025-03-23,Utilities,109.42,Bank Transfer,Admit coach.
2025-03-23,Rent,754.57,Cash,Food middle mother what seem.
2025-03-23,Transport,33.22,Mobile Payment,Specific ahead amount much.
2025-03-23,Other,97.41,Bank Transfer,Structure peace perform hard save.
2025-03-23,Other,60.72,Cash,Board risk later pass.
2025-03-23,Other,35.02,Card,Born bill crime.
2025-03-24,Health,53.53,Cash,Father several at.
2025-03-24,Entertainment,76.41,Card,Congress establish street national.
2025-03-24,Transport,19.33,Card,Need close beyond.
2025-03-25,Utilities,70.5,Card,Say clearly.
2025-03-25,Entertainment,46.37,Cash,Day feel best.
2025-03-25,Other,22.23,Bank Transfer,Right number return hold.
2025-03-25,Transport,45.03,Bank Transfer,Nearly realize red pass.
2025-03-25,Rent,918.29,Cash,Morning over light response.
2025-03-25,Shopping,17.6,Bank Transfer,Best sing.
2025-03-25,Transport,4.67,Mobile Payment,Race wife.
2025-03-26,Shopping,155.59,Bank Transfer,Pay Democrat nice.
2025-03-26,Shopping,163.87,Mobile Payment,Bank take building.
2025-03-26,Food,7.12,Card,Charge mouth deep maybe.
2025-03-27,Utilities,193.1,Cash,Toward local impact school fear.
2025-03-27,Food,8.81,Bank Transfer,Government data to write.
2025-03-27,Entertainment,46.15,Card,Land forget it save future.
2025-03-27,Transport,43.88,Cash,Particularly manager manager wind.
2025-03-27,Shopping,49.93,Cash,Board more speak road while.
2025-03-27,Other,62.98,Card,Return analysis couple.
2025-03-28,Health,118.16,Mobile Payment,Sit couple whole have.
2025-03-28,Food,23.6,Bank Transfer,Main surface customer spend quickly.
2025-03-28,Food,21.59,Bank Transfer,Activity air.
2025-03-28,Utilities,177.63,Card,And put money.
2025-03-28,Entertainment,68.6,Bank Transfer,Test public team if represent.
2025-03-28,Utilities,56.63,Cash,Address white career method.
2025-03-28,Utilities,172.45,Card,Investment hit himself produce.
2025-03-29,Food,7.6,Card,Order his indeed radio.
2025-03-29,Transport,28.64,Card,Each arm.
2025-03-29,Other,65.82,Mobile Payment,Room leader carry above.
2025-03-30,Other,13.11,Bank Transfer,Campaign however follow stay.
2025-03-30,Shopping,38.58,Cash,Both scene head.
2025-03-30,Other,55.22,Card,Measure behavior debate.
2025-03-30,Food,29.52,Bank Transfer,Have media various.
2025-03-30,Other,91.28,Cash,Sister could phone.
2025-03-30,Food,29.14,Mobile Payment,Physical peace face.
2025-03-30,Health,76.6,Card,Surface thing always.
2025-03-31,Health,73.4,Mobile Payment,Truth and marriage that.
2025-03-31,Health,57.02,Card,Success soon including tonight piece.
2025-03-31,Rent,943.09,Card,Hotel year campaign.
2025-03-31,Health,63.46,Card,Live other serious total case.
2025-03-31,Utilities,177.51,Cash,Happy story article.
2025-03-31,Transport,34.15,Card,Ok song.
2025-03-31,Utilities,175.29,Card,Stand take particularly onto short.
2025-03-31,Utilities,105.74,Bank Transfer,Information win catch prevent.
2025-04-01,Rent,1040.04,Bank Transfer,Far dream party.
2025-04-01,Utilities,175.29,Bank Transfer,Alone guy score.
2025-04-01,Entertainment,87.64,Mobile Payment,Difficult level per from leg.
2025-04-01,Utilities,135.35,Card,Talk include since.
2025-04-01,Other,97.99,Bank Transfer,Blue what check.
2025-04-01,Other,92.01,Bank Transfer,Sell where majority.
2025-04-02,Transport,22.1,Card,Age this two cost inside.
2025-04-02,Other,75.5,Card,Approach change everything difficult picture.
2025-04-02,Rent,463.57,Cash,Happen hand.
2025-04-02,Utilities,65.41,Card,Look chance.
2025-04-03,Food,28.81,Bank Transfer,Foot both more film.
2025-04-03,Health,127.74,Bank Transfer,Mind leave whose.
2025-04-03,Other,62.48,Mobile Payment,Six able hundred contain.
2025-04-03,Food,16.17,Card,Feel price grow physical sister.
2025-04-03,Transport,19.63,Cash,Provide realize political find.
2025-04-03,Entertainment,93.15,Mobile Payment,Point interview TV.
2025-04-03,Food,28.41,Bank Transfer,Artist first face drive.
2025-04-03,Utilities,156.33,Card,Perform message.
2025-04-04,Rent,703.21,Bank Transfer,Including floor whom she.
2025-04-04,Utilities,76.53,Mobile Payment,Trial instead subject however determine.
2025-04-04,Utilities,166.92,Card,According than some action.
2025-04-04,Other,39.52,Bank Transfer,Put make guess.
2025-04-05,Other,89.94,Bank Transfer,Place treat popular information.
2025-04-05,Transport,2.6,Card,Class campaign now.
2025-04-05,Rent,1147.48,Cash,Current exist firm realize general.
2025-04-05,Utilities,115.15,Cash,Manage everything policy different.
2025-04-06,Entertainment,92.47,Mobile Payment,Threat collection produce message.
2025-04-06,Rent,711.82,Card,Offer industry.
2025-04-06,Utilities,101.97,Cash,Response population instead total positive.
2025-04-06,Food,11.28,Cash,Always week spring surface.
2025-04-06,Transport,26.08,Mobile Payment,Think degree hour couple pressure.
2025-04-06,Other,90.02,Cash,Radio almost teacher will.
2025-04-07,Other,45.71,Mobile Payment,Drop under believe police night.
2025-04-07,Health,66.36,Card,Model what full degree.
2025-04-07,Entertainment,22.11,Bank Transfer,Answer part because.
2025-04-07,Shopping,38.21,Card,Feel evening forget.
2025-04-07,Other,16.34,Bank Transfer,Event stage wind first.
2025-04-07,Utilities,148.49,Card,Decade ask.
2025-04-07,Shopping,98.09,Bank Transfer,Section low.
2025-04-08,Entertainment,77.82,Bank Transfer,Range matter.
2025-04-08,Other,54.14,Bank Transfer,Success big.
2025-04-08,Health,94.88,Card,Step town officer.
2025-04-08,Utilities,199.47,Cash,Ten tend no.
2025-04-08,Other,25.99,Cash,Represent true body buy image.
2025-04-08,Other,15.02,Mobile Payment,Spend themselves.
2025-04-09,Utilities,114.64,Card,Condition hit attack.
2025-04-09,Utilities,69.26,Cash,Especially explain provide.
2025-04-10,Entertainment,53.46,Bank Transfer,Choice to.
2025-04-10,Transport,26.96,Cash,Star class organization.
2025-04-10,Entertainment,19.96,Bank Transfer,Certain market meet laugh.
2025-04-10,Health,120.84,Card,Grow also.
2025-04-10,Utilities,175.48,Bank Transfer,Possible amount machine.
2025-04-10,Rent,636.87,Mobile Payment,Life owner commercial sea.
2025-04-10,Other,72.35,Card,Become unit tonight.
2025-04-10,Transport,12.79,Bank Transfer,Trouble lawyer control might once.
2025-04-11,Rent,495.53,Mobile Payment,International candidate.
2025-04-11,Transport,44.21,Bank Transfer,Right election until.
2025-04-11,Other,14.63,Card,Wait others surface.
2025-04-11,Health,138.28,Cash,You population hundred.
2025-04-11,Food,13.01,Bank Transfer,Relate candidate nature debate protect.
2025-04-11,Food,25.24,Cash,Beyond official spring.
2025-04-11,Transport,11.73,Mobile Payment,Task hundred woman building.
2025-04-12,Other,76.25,Bank Transfer,Maintain create television.
2025-04-12,Rent,852.8,Cash,Million service few.
2025-04-12,Transport,3.58,Cash,Once road hundred.
2025-04-12,Food,28.97,Card,Thing none training.
2025-04-13,Entertainment,79.37,Mobile Payment,Truth tend this bed manager.
2025-04-13,Other,59.97,Card,Mr stock everybody street.
2025-04-13,Entertainment,95.56,Card,For decision.
2025-04-13,Utilities,130.76,Mobile Payment,Pattern large long single under.
2025-04-14,Rent,973.34,Cash,Myself laugh during.
2025-04-14,Transport,6.32,Bank Transfer,Commercial whom short.
2025-04-14,Other,15.32,Card,Save believe value next imagine.
2025-04-14,Rent,753.36,Mobile Payment,Ever arm art lead.
2025-04-14,Utilities,106.52,Cash,Order cut step.
2025-04-14,Utilities,117.1,Bank Transfer,Collection view official specific.
2025-04-14,Health,100.47,Bank Transfer,Offer property commercial realize.
2025-04-14,Transport,47.26,Mobile Payment,Become front tend.
2025-04-14,Utilities,184.29,Mobile Payment,Respond old himself.
2025-04-14,Rent,1041.16,Card,Walk customer serious sit six.
2025-04-15,Health,33.72,Card,Task put laugh quality.
2025-04-15,Other,5.36,Card,Scene career ability edge unit.
2025-04-15,Food,7.05,Bank Transfer,Support stuff generation become under.
2025-04-15,Entertainment,85.09,Card,Majority practice difficult subject family.
2025-04-16,Entertainment,26.07,Card,Message I do first.
2025-04-16,Other,66.89,Mobile Payment,Section back thought town.
2025-04-16,Other,41.14,Cash,Today white.
2025-04-16,Shopping,190.58,Mobile Payment,Usually always help read.
2025-04-16,Food,10.71,Bank Transfer,Place think course wrong worker.
2025-04-16,Health,99.15,Card,Few team for eat.
2025-04-16,Food,10.13,Cash,Physical sport.
2025-04-17,Health,138.14,Bank Transfer,Manage then.
2025-04-17,Health,61.0,Bank Transfer,Energy hard job two.
2025-04-17,Food,12.83,Bank Transfer,Another feel mind.
2025-04-17,Shopping,187.38,Card,Open along not between as.
2025-04-17,Food,24.12,Cash,Experience according beat popular.
2025-04-17,Rent,675.5,Cash,Entire car rule note.
2025-04-17,Utilities,124.25,Card,Key mind somebody memory.
2025-04-18,Utilities,62.94,Cash,Worker feel.
2025-04-18,Food,25.5,Bank Transfer,During yet scene natural personal.
2025-04-18,Rent,767.36,Cash,Final worry direction treatment professional.
2025-04-18,Rent,773.71,Mobile Payment,Adult most dark family.
2025-04-18,Other,94.34,Cash,Understand political help cup coach.
2025-04-18,Entertainment,70.9,Card,Own fear wind.
2025-04-18,Health,26.13,Bank Transfer,News soon maybe.
2025-04-18,Food,22.39,Mobile Payment,Offer generation get room.
2025-04-19,Health,65.28,Card,Imagine son foot finally.
2025-04-19,Other,79.06,Card,Sound wait middle hear.
2025-04-19,Food,10.32,Cash,Room visit project.
2025-04-19,Rent,1052.14,Card,It check someone compare.
2025-04-19,Entertainment,52.73,Bank Transfer,Candidate feeling notice future.
2025-04-19,Health,136.95,Card,Usually key ok.
2025-04-19,Utilities,180.88,Cash,South true action certain.
2025-04-19,Entertainment,32.19,Mobile Payment,Democrat race occur.
2025-04-20,Food,15.58,Card,Size property travel strategy door.
2025-04-20,Utilities,195.4,Cash,It exist call success.
2025-04-20,Health,41.76,Cash,Figure agency indeed start be.
2025-04-21,Other,10.9,Card,Sister themselves.
2025-04-21,Utilities,95.71,Cash,Group activity girl fish open.
2025-04-21,Rent,974.03,Cash,There social yard.
2025-04-21,Entertainment,79.07,Mobile Payment,Us among range middle.
2025-04-22,Food,27.44,Card,Many one happy board.
2025-04-22,Health,60.52,Card,Tell summer.
2025-04-22,Rent,812.69,Cash,Board specific senior everything.
2025-04-22,Shopping,90.39,Mobile Payment,Ready off choose star.
2025-04-22,Health,74.03,Bank Transfer,Address young pretty.
2025-04-23,Food,11.57,Mobile Payment,Feeling amount relate.
2025-04-23,Shopping,188.0,Card,Trade smile across.
2025-04-23,Rent,1024.69,Bank Transfer,Thing area president better.
2025-04-23,Shopping,44.8,Mobile Payment,Table like send left smile.
2025-04-23,Health,121.6,Mobile Payment,Figure send western instead.
2025-04-23,Other,97.32,Cash,Water recognize attention.
2025-04-24,Other,72.38,Bank Transfer,Claim will work start student.
2025-04-24,Transport,29.15,Cash,Dark picture interesting military.
2025-04-24,Transport,22.64,Card,Affect item cover.
2025-04-24,Entertainment,38.29,Bank Transfer,Miss vote professional expert.
2025-04-24,Rent,483.69,Bank Transfer,Design peace range member.
2025-04-24,Health,142.69,Cash,Middle behind think sure.
2025-04-25,Health,21.29,Mobile Payment,Address together.
2025-04-25,Food,28.4,Bank Transfer,Spend board stuff memory laugh.
2025-04-25,Food,12.52,Bank Transfer,Age art political.
2025-04-25,Transport,10.36,Bank Transfer,Turn her.
2025-04-25,Transport,46.75,Cash,Our star else million.
2025-04-25,Health,143.18,Cash,Become for control experience.
2025-04-25,Rent,1089.24,Bank Transfer,Near father fight hundred response.
2025-04-25,Rent,595.29,Mobile Payment,Civil boy.
2025-04-26,Other,26.76,Card,Stop describe.
2025-04-26,Other,19.65,Cash,Five stock Democrat.
2025-04-26,Entertainment,21.8,Cash,Approach year activity.
2025-04-27,Health,68.63,Card,Paper scientist such memory student.
2025-04-27,Health,25.19,Mobile Payment,Tough debate my various.
2025-04-27,Transport,29.54,Card,How entire decade approach.
2025-04-27,Transport,4.78,Card,Source compare central church.
2025-04-27,Other,20.24,Cash,Different window resource attorney.
2025-04-27,Transport,39.53,Card,Surface hear middle.
2025-04-27,Shopping,90.95,Mobile Payment,Cultural election more father.
2025-04-27,Transport,44.3,Mobile Payment,That better she cultural.
2025-04-28,Rent,534.12,Mobile Payment,Story talk significant.
2025-04-29,Shopping,73.17,Card,Dream defense population long adult.
2025-04-29,Shopping,137.51,Cash,Coach suffer.
2025-04-29,Other,28.42,Cash,Scene catch third onto rock.
2025-04-29,Shopping,133.63,Cash,High indicate show relationship choice.
2025-04-29,Food,15.17,Bank Transfer,Significant computer pattern.
2025-04-29,Transport,19.85,Cash,Study show generation bed again.
2025-04-29,Shopping,169.47,Card,Conference most small.
2025-04-29,Utilities,160.48,Bank Transfer,Public less us.
2025-04-30,Food,28.19,Cash,Believe quickly.
2025-04-30,Transport,42.21,Cash,Near rest.
2025-04-30,Rent,786.05,Mobile Payment,Despite attack difference.
2025-04-30,Transport,27.77,Mobile Payment,Cold three various spring table.
2025-04-30,Transport,2.26,Mobile Payment,Whom perhaps center.
2025-05-01,Other,48.73,Card,Most reach start air.
2025-05-01,Shopping,128.48,Cash,Near inside.
2025-05-03,Other,11.37,Mobile Payment,Ever someone plant.
2025-05-03,Health,21.35,Mobile Payment,Everything people interview what.
2025-05-03,Health,41.41,Mobile Payment,Color I part specific.
2025-05-03,Utilities,53.99,Bank Transfer,Simple water game strategy.
2025-05-03,Shopping,88.62,Card,Design live marriage write.
2025-05-04,Entertainment,75.57,Mobile Payment,Deal matter with seat serve.
2025-05-04,Food,29.96,Bank Transfer,Bed vote its clearly record.
2025-05-04,Entertainment,79.26,Card,Step nature chair while.
2025-05-04,Utilities,171.11,Mobile Payment,Bank face.
2025-05-04,Food,25.55,Card,Member beautiful business sell agent.
2025-05-05,teste 1111,200.0,Credit Card,description 1
